/**
* @author Ian(DatJustino)
*/


# use testbilabonnement;
use bilabonnement;

 INSERT INTO employee VALUES (1,'1','Test_DataRegistrator','123','DATA_REGISTRATION'),
                              (2,'2','2','Test_DamageReporter','DAMAGE_REPORTER'),
                              (3,'3','Test_BusinessDeveloper','123','BUSINESS_DEVELOPER'),
                              (1101,'larue.lynch@example.net','Dr. Evan Price III','leuschke.ewell','BUSINESS_DEVELOPER'),
                              (1102,'konopelski.brennon@example.com','Zack Baumbach','stefan.ortiz','DATA_REGISTRATION'),
                              (1103,'cole.elise@example.net','Alyson Hermann','rylee.witting','DAMAGE_REPORTER'),
                              (1104,'everett73@example.org','Mr. Pietro Hoppe I','angeline95','BUSINESS_DEVELOPER'),
                              (1105,'gerardo.waters@example.org','Bud Tremblay IV','bayer.amaya','DAMAGE_REPORTER'),
                              (1106,'kheathcote@example.net','Vilma Haley','sabina80','DAMAGE_REPORTER'),
                              (1107,'jennie.fay@example.org','Donato Quigley','schmeler.tamia','DATA_REGISTRATION'),
                              (1108,'deven91@example.com','Reilly Trantow IV','garnet.mosciski','BUSINESS_DEVELOPER'),
                              (1109,'naomie.toy@example.net','Oswaldo Bins','josiah.bode','DAMAGE_REPORTER'),
                              (1110,'alyson.crooks@example.net','Mr. Coy McCullough','jaime46','DAMAGE_REPORTER');

INSERT INTO `customer` VALUES (1201,'Haylie','Mueller','zane69@example.net','45804 Heathcote Mount Lake Tyreestad, SD 63214','Chancehaven',2300,'82708633','150020728659'),
                              (1202,'Monserrate','Schaefer','eleanora31@example.org','739 Lubowitz Key Suite 952 Gibsonview, WI 34339','Homenickshire',2500,'68138841','208738928217'),
                              (1203,'Ayla','Kirlin','allison13@example.com','079 Marlee Path Suite 479 Lake Carmellashire, IA 95058-0914','West Lauren',3000,'84128809','180060573775'),
                              (1204,'Garrison','Ortiz','burley24@example.org','739 Schiller Underpass Kaylinfurt, SD 70947-3838','West Derrickville',4500,'71176859','213246446724'),
                              (1205,'Kelton','Muller','emilia.kiehn@example.com','722 Larissa Burg Suite 317 West Cydneymouth, NY 16160-4252','New Marquestown',1500,'52236773','127699737723'),
                              (1206,'Mackenzie','Streich','ayost@example.net','982 Quitzon Square Suite 873 New Stantonburgh, AZ 23697','Port Lysanneborough',1250,'91108202','209389623847'),
                              (1207,'Genevieve','Cremin','sammie.wunsch@example.org','4047 Chasity Alley East Ethelynberg, NC 08869','Lake Ronaldoberg',2450,'79799397','162687530540'),
                              (1208,'Roderick','Okuneva','amely09@example.net','47900 May Valley West Lionelchester, OK 77956','Colinfort',2650,'69254173','306333700112'),
                              (1209,'Andreane','McClure','brendon.dubuque@example.com','64450 Isobel Walks Lake Hermann, PA 20367','East Paulaview',2850,'79541456','181416383117'),
                              (1210,'Birdie','Ortiz','do\'conner@example.org','00948 Casper Rue Suite 997 Everettehaven, IA 57002-3883','Goldaport',2900,'87174031','218584367832'),
                              (1211,'Ora','Gorczany','afton24@example.com','5674 Collins Cliffs Gottliebfurt, RI 25364','East Curthaven',2900,'71550654','277065127499'),
                              (1212,'Elda','Reilly','bins.monserrat@example.org','13643 Urban Bridge Demondborough, SD 87199-3715','North Chase',2650,'91157874','173396119948'),
                              (1213,'Lorine','Brown','runolfsdottir.hulda@example.org','8047 Kilback Wall Batzchester, NV 04916-32 93','Trantowport',4500,'51701704','122300825139'),
                              (1214,'Adeline','Gleason','ulises99@example.org','340 Jakubowski Streets West Melissaton, MO 63246-5142','New Remington',2900,'56598333','244830077828'),
                              (1215,'Izaiah','McClure','aosinski@example.com','380 Glover Station Apt. 384 Mrazfort, NE 62276','East Angela',4500,'70330134','127375159808'),
                              (1216,'Jettie','Emmerich','karolann.monahan@example.com','93727 Anderson Path Apt. 559 Jaronmouth, MI 30634-6894','Littelton',4500,'88730000','233280684509'),
                              (1217,'Paolo','Kutch','justus04@example.com','03710 Jonathon Dale Runolfssonhaven, IL 36796-4267','Billfort',2500,'90476891','130274546591'),
                              (1218,'Treva','Wisozk','maurice.herzog@example.org','1074 Ankunding Green Apt. 600 Port Titusside, MO 77121-7917','South Cletashire',2500,'60335852','198260449033'),
                              (1219,'Leopold','Effertz','tristin10@example.org','682 Ricky Coves Apt. 339 Greenholtville, NC 38724-4410','North Kaylie',2300,'88052011','164609819204'),
                              (1220,'Alexandrea','Schuppe','konopelski.luis@example.net','745 Presley Plains Apt. 434 North Hayley, OR 81204-8248','West Telly',2300,'62822739','162203513278'),
                              (1221,'Neha','Renner','vivien28@example.org','1403 Flavie Mount Erwinhaven, AR 85250-6429','Cliffordberg',2300,'67967653','160278322750'),
                              (1222,'Clay','Rohan','skerluke@example.com','0808 Glenda Mountains Apt. 295 Suzannefurt, MT 49093-9397','West Ryleigh',2500,'67813313','123531414326'),
                              (1223,'Kayley','O\'Kon','bonnie.raynor@example.com','748 Tristian Valleys Florencefort, KY 72877','South Shanyview',2450,'65350611','161055719994'),
                              (1224,'Layne','Gutkowski','emmanuelle98@example.org','93922 Hintz Plains Suite 325 West Pete, CO 26755','Port Brentport',2450,'61567725','146614394856'),
                              (1225,'Tracy','Daniel','padberg.sarina@example.com','6058 Elda Fork Kuhlmantown, AK 02147','Davinstad',2450,'53325019','135563957570'),
                              (1226,'Lauren','Gerlach','lina98@example.com','194 Lebsack Springs Tommiefurt, VA 86120','Port Dorthy',2450,'82212862','298506224307'),
                              (1227,'Alfredo','Stroman','clark67@example.com','02001 O\'Conner Streets Apt. 629 Mortimerchester, OR 37001','Justynhaven',2500,'80224189','171347065242'),
                              (1228,'Sincere','Medhurst','hyatt.stanton@example.com','0883 Frami Circles Suite 445 East Ulisesstad, CA 31802-6117','Nedraport',2900,'90938825','200388289963'),
                              (1229,'Jonathon','Roberts','dkihn@example.org','2447 Schuppe Shore North Sigridburgh, NE 40110-1142','East Christton',2900,'80321656','216575286788'),
                              (1230,'Alexys','Bins','rosalia48@example.net','87016 Waters Estates Apt. 422 Lukasfort, TX 37033','North Lolita',2900,'82864492','285669682157'),
                              (1231,'Christine','Schaefer','brooklyn61@example.com','955 Prohaska Skyway Apt. 069 South Michealtown, VT 71132','South Aniyah',2900,'56179589','220658861788'),
                              (1232,'Adolfo','Blick','loyal.feeney@example.org','654 Nienow Terrace Turcotteside, IL 30896-9016','East Rebecca',2900,'81981728','280375919974'),
                              (1233,'Alexandria','Corkery','ktorphy@example.org','1311 Reynolds Shores South Annamarieton, GA 32086-1339','New Sashaland',2900,'89979024','213392053994'),
                              (1234,'Haylie','Crona','kamille33@example.org','6045 Dustin Prairie Domenickstad, WA 03712','South Shaniafurt',8000,'61014183','199315968254'),
                              (1235,'Charlene','Corkery','mohamed.morissette@example.org','056 Emmy Grove Apt. 211 East Vitamouth, KS 13614','East Eleazar',2900,'55683475','183990595187'),
                              (1236,'Charles','Sawayn','heloise00@example.com','157 Collins Meadow Walterhaven, UT 79987-3636','West Jettiehaven',2450,'69222451','188574107805'),
                              (1237,'Kavon','Jenkins','o\'kon.chad@example.com','421 Nestor Crossroad Wiegandborough, ME 69613','East Finnport',2450,'56254077','149097499209'),
                              (1238,'Alden','Koepp','beatty.toney@example.net','5090 Kassulke Loop Littlebury, WV 27078-5780','Ericland',8000,'66366886','293361917913'),
                              (1239,'Sasha','Beatty','fbecker@example.com','600 Dee Drive Doyleville, DC 90815-4850','Jakaylaview',8000,'60175720','233232220359'),
                              (1240,'Toney','Quitzon','tgreenfelder@example.net','831 Wolff Rest Suite 085 Lake Malindaside, NV 16112-2927','Lake Shanie',6500,'69597759','175610388325'),
                              (1241,'Breanna','Windler','aliya81@example.com','0176 Evalyn Ridge Port Minashire, MN 78426','Astridberg',6500,'76476544','293317163406'),
                              (1242,'Zechariah','Morar','humberto.bashirian@example.org','1422 Berge Groves Apt. 661 Aldaville, NY 30029','Sincereland',6500,'55811885','114861088660'),
                              (1243,'Lilliana','Barton','dion.schmitt@example.net','18299 Ondricka Rapid Runteborough, NH 78842-5204','Gracemouth',2100,'84227172','122996444960'),
                              (1244,'Ernestine','O\'Connell','feeney.helmer@example.org','3541 Marilou Well Apt. 734 Lake Genesis, MS 78288','Lake Asaborough',2100,'75670806','297619610887'),
                              (1245,'Kimberly','Russel','clockman@example.com','489 Sonya Skyway Apt. 546 Rolfsonmouth, MD 35111-0399','New Eugeniaville',2100,'73314714','179667349397'),
                              (1246,'Aylin','Koepp','erling92@example.com','561 Langworth Wells Apt. 580 Lowebury, VT 70948-1412','North Gradyfurt',1000,'76171385','293778660607'),
                              (1247,'Raegan','Gerhold','bailey.hettinger@example.com','89277 Audra Avenue East Donnell, TN 02393','Mozelleland',1000,'91625023','118218637205'),
                              (1248,'Isabelle','Farrell','efrain.runolfsson@example.net','2271 Wilbert Cove Apt. 215 East Bertram, NY 84957-9022','Manleyfurt',1098,'54757391','234464004078'),
                              (1249,'Elmira','Bogisich','ramona43@example.com','35784 Hamill Key Brekkeview, HI 81505','Lake Kacie',3030,'67483428','152733210653'),
                              (1250,'Destini','Steuber','estell.zboncak@example.net','6371 Smitham Mills Apt. 061 Blockview, LA 65924-9206','Heidenreichview',1098,'63749424','188138570238');

INSERT INTO `optional` VALUES (1001,'Afleveringsforsikring',119),
                              (1002,'Lav selvrisiko',64),
                              (1003,'Komplette vinterhjul',549),
                              (1004,'Viking Vejhjælp',49);

INSERT INTO `car` VALUES
                      (1801,'1b1madz47z7095525',214000,'Citroën','11 hqre','MEDIUM',69900,20.01,'AT_CUSTOMER'),
                      (1802,'1h9dqoq39o4704113',119490,'Peugeot','13 apzm','MEDIUM',72663,50.36,'AT_CUSTOMER'),
                      (1803,'5w5jajr16m0875561',127813,'DS','55 fydg','LARGE',42603,30.98,'RETURNED'),
                      (1804,'7i2tqbe23h4796106',125717,'Opel','80 qjkr','MEDIUM',79008,172.64,'AT_CUSTOMER'),
                      (1805,'0x7nvzg56q1853536',203098,'Fiat','12 tgay','LARGE',73578,121.16,'RETURNED'),
                      (1806,'0y4qcnl18d3487520',110187,'Citroën','51 mqdw','MEDIUM',73153,61.98,'RETURNED'),
                      (1807,'4i9ebnl55o1677754',136042,'Peugeot','31 esnx','LARGE',42558,72.06,'AT_CUSTOMER'),
                      (1808,'8g8gpsh88p4625363',168305,'DS','37 owmp','MEDIUM',75201,102.73,'AT_CUSTOMER'),
                      (1809,'2g0tskh23q9670415',153164,'Opel','85 pktb','LARGE',23111,98.16,'AT_CUSTOMER'),
                      (1810,'1c5vjek11v5954892',222053,'Fiat','80 ygjg','MEDIUM',33809,99.23,'AT_CUSTOMER'),
                      (1811,'7p4geqp04f0504715',154992,'Peugeot','14 gtpk','BASE',49080,33.57,'RETURNED'),
                      (1812,'5q3swdo54o6296290',135713,'DS','64 zrsi','BASE',46599,62.83,'READY'),
                      (1813,'7g0jlsm19u0939691',72977,'Peugeot','11 nutb','LARGE',37206,20.4,'READY'),
                      (1814,'3q3mucu62q4719946',205388,'Citroën','88 iazq','BASE',66421,186.23,'READY'),
                      (1815,'9u0cyzz09r6345766',115183,'Opel','62 rsii','BASE',31771,127.59,'AT_CUSTOMER'),
                      (1816,'1y7uuen18m7110851',74105,'Citroën','76 belc','BASE',79116,36,'AT_CUSTOMER'),
                      (1817,'1r9bnux74h0564479',119234,'Peugeot','29 wkla','BASE',44011,30.56,'RETURNED'),
                      (1818,'7z0mdhm52h4309109',135890,'Fiat','44 efdc','MEDIUM',56111,59.33,'READY'),
                      (1819,'1i5pank10h5855304',125752,'DS','20 iiwa','MEDIUM',47242,50.31,'AT_CUSTOMER'),
                      (1820,'3e9yefx43h5190448',152724,'Citroën','87 mtdm','LARGE',24142,101.6,'AT_CUSTOMER'),
                      (1821,'6n5uebc35m6788320',133473,'Peugeot','58 lnmw','LARGE',72184,29.71,'READY'),
                      (1822,'9y2tkqb81p6591046',114619,'Citroën','30 aebg','MEDIUM',75040,169.22,'RETURNED'),
                      (1823,'6c3qqre03a0927656',194475,'Peugeot','07 utgl','LARGE',47254,114.62,'RETURNED'),
                      (1824,'5p3lapz03o1780537',239157,'Peugeot','48 rqro','LARGE',63453,57.38,'RETURNED'),
                      (1825,'6s6nfte81j3171472',232040,'Citroën','15 ljrm','LARGE',47898,81.29,'AT_CUSTOMER'),
                      (1826,'0k8awlp01b9329261',95793,'Opel','84 dbes','LARGE',37167,96.3,'AT_CUSTOMER'),
                      (1827,'3k7rkxm61p4683814',102072,'Opel','49 zrpq','LARGE',26155,56.92,'AT_CUSTOMER'),
                      (1828,'0z6fmkm89y7478640',188053,'Opel','16 mjjc','LARGE',31477,145.59,'READY'),
                      (1829,'6x8zhzt75d6847881',154856,'DS','86 ktpq','BASE',60643,149.87,'READY'),
                      (1830,'0q9mksp91d5163138',227913,'DS','89 wpfy','BASE',24771,183.65,'READY'),
                      (1831,'3b9corb75c2586785',161201,'DS','80 xhjq','BASE',52964,83.55,'READY'),
                      (1832,'5z8bfiv29i2368577',176137,'Citroën','80 szlb','LARGE',65498,150.62,'RETURNED'),
                      (1833,'1w7kxee12d0810608',140861,'Citroën','83 stqm','MEDIUM',45591,18.7,'RETURNED'),
                      (1834,'0i9hlnp00r8209767',196824,'Citroën','08 looj','MEDIUM',37944,122.28,'AT_CUSTOMER'),
                      (1835,'7c9utav00d2770769',173212,'Peugeot','53 gbsm','LARGE',42528,107.6,'RETURNED'),
                      (1836,'7b0liwh37p1986270',148964,'Peugeot','07 krhq','MEDIUM',54494,59.13,'READY'),
                      (1837,'6p6zbne47p6368210',193432,'Peugeot','75 pjdw','LARGE',29226,46.15,'AT_CUSTOMER'),
                      (1838,'6n4vpnc92o7550370',226191,'Citroën','03 lthj','BASE',46766,131.98,'AT_CUSTOMER'),
                      (1839,'4s8ugvr40t5160655',112079,'Opel','79 pbql','MEDIUM',44902,181.31,'AT_CUSTOMER'),
                      (1840,'7y3udlm77g0108286',227957,'Opel','91 wrgu','LARGE',41427,139.91,'READY'),
                      (1841,'9p0vuom49p0777275',220979,'Opel','61 hdru','MEDIUM',60288,142.3,'RETURNED'),
                      (1842,'8v4ulcg43n1060800',80257,'Citroën','79 dnlh','MEDIUM',64347,27.33,'READY'),
                      (1843,'1x5fcbx76v7863339',151239,'Opel','39 zmtu','LARGE',63160,103.24,'AT_CUSTOMER'),
                      (1844,'4a7tfse65i4820607',211950,'DS','79 ztfd','BASE',59185,155.64,'READY'),
                      (1845,'0y0bnll53e7768723',189313,'DS','31 zpgh','LARGE',27395,18.67,'RETURNED'),
                      (1846,'9g3emdb41r2753728',145750,'DS','68 pbmz','MEDIUM',24163,72.13,'RETURNED'),
                      (1847,'2t6tqzh17d6081518',169353,'Opel','07 lxei','LARGE',51387,138.9,'AT_CUSTOMER'),
                      (1848,'6q7bytr36e1603019',118114,'Opel','81 floq','LARGE',78646,72.04,'AT_CUSTOMER'),
                      (1849,'4a2xqpx82f1527665',116629,'DS','30 uqoq','LARGE',72427,184.99,'RETURNED'),
                      (1850,'1n9rxwa40x2657625',206323,'Citroën','52 erte','BASE',29641,57.1,'RETURNED');

INSERT INTO `leaseContract` VALUES (1601,'2020-09-07','2023-04-02',3281.04,1202,1802,1102),
                                   (1602,'2022-05-04','2024-09-30',3957.24,1204,1804,1104),
                                   (1603,'2019-02-08','2020-02-10',4991.61,1205,1805,1105),
                                   (1604,'2017-10-25','2021-10-22',3907.82,1208,1808,1108),
                                   (1605,'2019-07-13','2020-09-16',5316.35,1209,1809,1109),
                                   (1606,'2021-02-17','2023-01-25',6252.93,1211,1811,1101),
                                   (1607,'2022-07-23','2023-05-19',5917.39,1212,1812,1102),
                                   (1608,'2019-05-08','2022-06-12',4787.19,1216,1816,1106),
                                   (1609,'2019-04-06','2021-12-13',6236.77,1217,1817,1107),
                                   (1610,'2016-07-10','2018-08-21',4945.42,1218,1818,1108),
                                   (1611,'2018-12-08','2020-12-16',4918.5,1219,1819,1109),
                                   (1612,'2020-07-09','2024-01-04',6117.81,1220,1820,1110),
                                   (1613,'2018-03-15','2019-02-14',5743.76,1221,1821,1101),
                                   (1614,'2021-03-20','2023-03-29',3789.23,1222,1822,1102),
                                   (1615,'2017-08-20','2018-11-08',3401.12,1223,1823,1103),
                                   (1616,'2019-07-07','2021-03-21',6112.1,1225,1825,1105),
                                   (1617,'2019-10-10','2020-11-17',5293.75,1227,1827,1107),
                                   (1618,'2020-05-13','2023-09-13',2847.35,1230,1830,1110),
                                   (1619,'2021-06-21','2024-05-30',3797,1232,1832,1102),
                                   (1620,'2019-06-03','2022-08-17',4211.26,1234,1834,1104);


INSERT INTO leaseoptional (optionalID, leaseID)
VALUES (1003, 1601);
INSERT INTO leaseoptional (optionalID, leaseID)
VALUES (1002, 1605);
INSERT INTO leaseoptional (optionalID, leaseID)
VALUES (1003, 1606);
INSERT INTO leaseoptional (optionalID, leaseID)
VALUES (1004, 1608);
INSERT INTO leaseoptional (optionalID, leaseID)
VALUES (1002, 1607);
INSERT INTO leaseoptional (optionalID, leaseID)
VALUES (1003, 1609);
INSERT INTO leaseoptional (optionalID, leaseID)
VALUES (1001, 1616);
INSERT INTO leaseoptional (optionalID, leaseID)
VALUES (1004, 1614);
INSERT INTO leaseoptional (optionalID, leaseID)
VALUES (1002, 1613);
INSERT INTO leaseoptional (optionalID, leaseID)
VALUES (1003, 1611);
INSERT INTO leaseoptional (optionalID, leaseID)
VALUES (1004, 1607);
INSERT INTO leaseoptional (optionalID, leaseID)
VALUES (1002, 1604);


INSERT INTO `damageReport` VALUES (1701,1801,1106,'2020-05-25 16:43:51'),
                                  (1702,1802,1109,'2018-11-14 08:56:44'),
                                  (1703,1803,1103,'2019-05-15 02:46:42'),
                                  (1704,1804,1105,'2016-11-20 16:00:48'),
                                  (1705,1805,1110,'2022-09-07 15:51:25'),
                                  (1706,1806,1103,'2021-09-16 20:06:55'),
                                  (1707,1807,1105,'2018-01-27 00:55:16'),
                                  (1708,1808,1109,'2019-07-18 12:27:47'),
                                  (1709,1809,1109,'2021-05-26 08:06:00'),
                                  (1710,1810,1110,'2022-03-06 10:35:13'),
                                  (1711,1811,1105,'2017-03-21 09:37:45'),
                                  (1712,1812,1106,'2016-12-04 02:08:49'),
                                  (1713,1813,1109,'2017-01-15 22:37:53'),
                                  (1714,1814,1110,'2019-10-02 02:24:49'),
                                  (1715,1815,1110,'2019-11-15 11:38:34');



INSERT INTO damageentry (damageEntryID, damageTitle, damageDescription, damagePrice, damageReportID)
VALUES (1801, 'Bil rude udskiftes', 'damageDescription', 2500, 1701);
INSERT INTO damageentry (damageEntryID, damageTitle, damageDescription, damagePrice, damageReportID)
VALUES (1802, 'Punkteret dæk', 'damageDescription', 1500, 1702);
INSERT INTO damageentry (damageEntryID, damageTitle, damageDescription, damagePrice, damageReportID)
VALUES (1803, 'Fejl i Motoren', 'damageDescription', 3500, 1703);
INSERT INTO damageentry (damageEntryID, damageTitle, damageDescription, damagePrice, damageReportID)
VALUES (1804, 'Olie Udskiftning', 'Skal tømmes for olie og renses', 1300, 1708);
INSERT INTO damageentry (damageEntryID, damageTitle, damageDescription, damagePrice, damageReportID)
VALUES (1805, 'Ødelagt lys', 'Baglygte lyser ikke kraftigt nok', 500, 1713);
INSERT INTO damageentry (damageEntryID, damageTitle, damageDescription, damagePrice, damageReportID)
VALUES (1806, 'Rengøring', 'Bilen skal rengøres proffesionelt', 1500, 1715);

